name,version,language,repository,license,license-url,license-source
bitbucket.org/liamstask/goose,v0.0.0-20150115234039-8488cc47d90c,go,unknown,Unknown,Unknown,Unknown
cloud.google.com/go,v0.26.0,go,unknown,Unknown,Unknown,Unknown
cloud.google.com/go,v0.34.0,go,unknown,Unknown,Unknown,Unknown
github.com/BurntSushi/toml,v0.3.1,go,https://github.com/BurntSushi/toml,MIT,https://spdx.org/licenses/MIT.html,https://api.github.com/repos/BurntSushi/toml (normalized)
github.com/GeertJohan/go.incremental,v1.0.0,go,https://github.com/GeertJohan/go.incremental,BSD-2-Clause,https://spdx.org/licenses/BSD-2-Clause.html,https://api.github.com/repos/GeertJohan/go.incremental (normalized)
github.com/GeertJohan/go.rice,v1.0.0,go,https://github.com/GeertJohan/go.rice,BSD-2-Clause,https://spdx.org/licenses/BSD-2-Clause.html,https://api.github.com/repos/GeertJohan/go.rice (normalized)
github.com/Knetic/govaluate,v3.0.0+incompatible,go,https://github.com/Knetic/govaluate,MIT,https://spdx.org/licenses/MIT.html,https://api.github.com/repos/Knetic/govaluate (normalized)
github.com/Knetic/govaluate,v3.0.1-0.20171022003610-9aa49832a739+incompatible,go,https://github.com/Knetic/govaluate,MIT,https://spdx.org/licenses/MIT.html,https://api.github.com/repos/Knetic/govaluate (normalized)
github.com/Shopify/sarama,v1.19.0,go,https://github.com/Shopify/sarama,MIT,https://spdx.org/licenses/MIT.html,https://api.github.com/repos/Shopify/sarama (normalized)
github.com/Shopify/toxiproxy,v2.1.4+incompatible,go,https://github.com/Shopify/toxiproxy,MIT,https://spdx.org/licenses/MIT.html,https://api.github.com/repos/Shopify/toxiproxy (normalized)
github.com/VividCortex/gohistogram,v1.0.0,go,https://github.com/VividCortex/gohistogram,MIT,https://spdx.org/licenses/MIT.html,https://api.github.com/repos/VividCortex/gohistogram (normalized)
github.com/afex/hystrix-go,v0.0.0-20180502004556-fa1af6a1f4f5,go,https://github.com/afex/hystrix-go,MIT,https://spdx.org/licenses/MIT.html,https://api.github.com/repos/afex/hystrix-go (normalized)
github.com/akavel/rsrc,v0.8.0,go,https://github.com/akavel/rsrc,MIT,https://spdx.org/licenses/MIT.html,https://api.github.com/repos/akavel/rsrc (normalized)
github.com/alecthomas/template,v0.0.0-20160405071501-a0175ee3bccc,go,https://github.com/alecthomas/template,BSD-3-Clause,https://spdx.org/licenses/BSD-3-Clause.html,https://api.github.com/repos/alecthomas/template (normalized)
github.com/alecthomas/template,v0.0.0-20190718012654-fb15b899a751,go,https://github.com/alecthomas/template,BSD-3-Clause,https://spdx.org/licenses/BSD-3-Clause.html,https://api.github.com/repos/alecthomas/template (normalized)
github.com/alecthomas/units,v0.0.0-20151022065526-2efee857e7cf,go,https://github.com/alecthomas/units,MIT,https://spdx.org/licenses/MIT.html,https://api.github.com/repos/alecthomas/units (normalized)
github.com/alecthomas/units,v0.0.0-20190717042225-c3de453c63f4,go,https://github.com/alecthomas/units,MIT,https://spdx.org/licenses/MIT.html,https://api.github.com/repos/alecthomas/units (normalized)
github.com/apache/thrift,v0.12.0,go,https://github.com/apache/thrift,Apache-2.0,https://spdx.org/licenses/Apache-2.0.html,https://api.github.com/repos/apache/thrift (normalized)
github.com/apache/thrift,v0.13.0,go,https://github.com/apache/thrift,Apache-2.0,https://spdx.org/licenses/Apache-2.0.html,https://api.github.com/repos/apache/thrift (normalized)
github.com/armon/circbuf,v0.0.0-20150827004946-bbbad097214e,go,https://github.com/armon/circbuf,MIT,https://spdx.org/licenses/MIT.html,https://api.github.com/repos/armon/circbuf (normalized)
github.com/armon/go-metrics,v0.0.0-20180917152333-f0300d1749da,go,https://github.com/armon/go-metrics,MIT,https://spdx.org/licenses/MIT.html,https://api.github.com/repos/armon/go-metrics (normalized)
github.com/armon/go-radix,v0.0.0-20180808171621-7fddfc383310,go,https://github.com/armon/go-radix,MIT,https://spdx.org/licenses/MIT.html,https://api.github.com/repos/armon/go-radix (normalized)
github.com/aryann/difflib,v0.0.0-20170710044230-e206f873d14a,go,https://github.com/aryann/difflib,MIT,https://spdx.org/licenses/MIT.html,https://api.github.com/repos/aryann/difflib (normalized)
github.com/aws/aws-lambda-go,v1.13.3,go,https://github.com/aws/aws-lambda-go,Apache-2.0,https://spdx.org/licenses/Apache-2.0.html,https://api.github.com/repos/aws/aws-lambda-go (normalized)
github.com/aws/aws-sdk-go,v1.27.0,go,https://github.com/aws/aws-sdk-go,Apache-2.0,https://spdx.org/licenses/Apache-2.0.html,https://api.github.com/repos/aws/aws-sdk-go (normalized)
github.com/aws/aws-sdk-go-v2,v0.18.0,go,https://github.com/aws/aws-sdk-go-v2,Apache-2.0,https://spdx.org/licenses/Apache-2.0.html,https://api.github.com/repos/aws/aws-sdk-go-v2 (normalized)
github.com/beorn7/perks,v0.0.0-20180321164747-3a771d992973,go,https://github.com/beorn7/perks,MIT,https://spdx.org/licenses/MIT.html,https://api.github.com/repos/beorn7/perks (normalized)
github.com/beorn7/perks,v1.0.0,go,https://github.com/beorn7/perks,MIT,https://spdx.org/licenses/MIT.html,https://api.github.com/repos/beorn7/perks (normalized)
github.com/beorn7/perks,v1.0.1,go,https://github.com/beorn7/perks,MIT,https://spdx.org/licenses/MIT.html,https://api.github.com/repos/beorn7/perks (normalized)
github.com/bgentry/speakeasy,v0.1.0,go,https://github.com/bgentry/speakeasy,Other,Unknown,https://api.github.com/repos/bgentry/speakeasy
github.com/casbin/casbin/v2,v2.1.2,go,https://github.com/casbin/casbin/v2,Apache-2.0,https://spdx.org/licenses/Apache-2.0.html,https://api.github.com/repos/casbin/casbin (normalized)
github.com/cenkalti/backoff,v2.2.1+incompatible,go,https://github.com/cenkalti/backoff,MIT,https://spdx.org/licenses/MIT.html,https://api.github.com/repos/cenkalti/backoff (normalized)
github.com/census-instrumentation/opencensus-proto,v0.2.1,go,https://github.com/census-instrumentation/opencensus-proto,Apache-2.0,https://spdx.org/licenses/Apache-2.0.html,https://api.github.com/repos/census-instrumentation/opencensus-proto (normalized)
github.com/certifi/gocertifi,v0.0.0-20180118203423-deb3ae2ef261,go,https://github.com/certifi/gocertifi,MPL-2.0,https://spdx.org/licenses/MPL-2.0.html,https://api.github.com/repos/certifi/gocertifi (normalized)
github.com/cespare/xxhash/v2,v2.1.1,go,https://github.com/cespare/xxhash/v2,MIT,https://spdx.org/licenses/MIT.html,https://api.github.com/repos/cespare/xxhash (normalized)
github.com/clbanning/x2j,v0.0.0-20191024224557-825249438eec,go,https://github.com/clbanning/x2j,BSD-3-Clause,https://spdx.org/licenses/BSD-3-Clause.html,https://api.github.com/repos/clbanning/x2j (normalized)
github.com/client9/misspell,v0.3.4,go,https://github.com/client9/misspell,MIT,https://spdx.org/licenses/MIT.html,https://api.github.com/repos/client9/misspell (normalized)
github.com/cloudflare/backoff,v0.0.0-20161212185259-647f3cdfc87a,go,https://github.com/cloudflare/backoff,BSD-2-Clause,https://spdx.org/licenses/BSD-2-Clause.html,https://api.github.com/repos/cloudflare/backoff (normalized)
github.com/cloudflare/cfssl,v1.4.1,go,https://github.com/cloudflare/cfssl,BSD-2-Clause,https://spdx.org/licenses/BSD-2-Clause.html,https://api.github.com/repos/cloudflare/cfssl (normalized)
github.com/cloudflare/go-metrics,v0.0.0-20151117154305-6a9aea36fb41,go,https://github.com/cloudflare/go-metrics,Other,Unknown,https://api.github.com/repos/cloudflare/go-metrics
github.com/cloudflare/redoctober,v0.0.0-20171127175943-746a508df14c,go,https://github.com/cloudflare/redoctober,Other,Unknown,https://api.github.com/repos/cloudflare/redoctober
github.com/cncf/udpa/go,v0.0.0-20191209042840-269d4d468f6f,go,https://github.com/cncf/udpa/go,Apache-2.0,https://spdx.org/licenses/Apache-2.0.html,https://api.github.com/repos/cncf/udpa (normalized)
github.com/cockroachdb/datadriven,v0.0.0-20190809214429-80d97fb3cbaa,go,https://github.com/cockroachdb/datadriven,Apache-2.0,https://spdx.org/licenses/Apache-2.0.html,https://api.github.com/repos/cockroachdb/datadriven (normalized)
github.com/codahale/hdrhistogram,v0.0.0-20161010025455-3a0bb77429bd,go,https://github.com/codahale/hdrhistogram,MIT,https://spdx.org/licenses/MIT.html,https://api.github.com/repos/codahale/hdrhistogram (normalized)
github.com/coreos/go-semver,v0.2.0,go,https://github.com/coreos/go-semver,Apache-2.0,https://spdx.org/licenses/Apache-2.0.html,https://api.github.com/repos/coreos/go-semver (normalized)
github.com/coreos/go-systemd,v0.0.0-20180511133405-39ca1b05acc7,go,https://github.com/coreos/go-systemd,Apache-2.0,https://spdx.org/licenses/Apache-2.0.html,https://api.github.com/repos/coreos/go-systemd (normalized)
github.com/coreos/pkg,v0.0.0-20160727233714-3ac0863d7acf,go,https://github.com/coreos/pkg,Apache-2.0,https://spdx.org/licenses/Apache-2.0.html,https://api.github.com/repos/coreos/pkg (normalized)
github.com/cpuguy83/go-md2man/v2,v2.0.0-20190314233015-f79a8a8ca69d,go,https://github.com/cpuguy83/go-md2man/v2,MIT,https://spdx.org/licenses/MIT.html,https://api.github.com/repos/cpuguy83/go-md2man (normalized)
github.com/creack/pty,v1.1.7,go,https://github.com/creack/pty,MIT,https://spdx.org/licenses/MIT.html,https://api.github.com/repos/creack/pty (normalized)
github.com/daaku/go.zipexe,v1.0.0,go,https://github.com/daaku/go.zipexe,MIT,https://spdx.org/licenses/MIT.html,https://api.github.com/repos/daaku/go.zipexe (normalized)
github.com/davecgh/go-spew,v1.1.0,go,https://github.com/davecgh/go-spew,ISC,https://spdx.org/licenses/ISC.html,https://api.github.com/repos/davecgh/go-spew (normalized)
github.com/davecgh/go-spew,v1.1.1,go,https://github.com/davecgh/go-spew,ISC,https://spdx.org/licenses/ISC.html,https://api.github.com/repos/davecgh/go-spew (normalized)
github.com/dgrijalva/jwt-go,v3.2.0+incompatible,go,https://github.com/dgrijalva/jwt-go,MIT,https://spdx.org/licenses/MIT.html,https://api.github.com/repos/dgrijalva/jwt-go (normalized)
github.com/dustin/go-humanize,v0.0.0-20171111073723-bb3d318650d4,go,https://github.com/dustin/go-humanize,Other,Unknown,https://api.github.com/repos/dustin/go-humanize
github.com/eapache/go-resiliency,v1.1.0,go,https://github.com/eapache/go-resiliency,MIT,https://spdx.org/licenses/MIT.html,https://api.github.com/repos/eapache/go-resiliency (normalized)
github.com/eapache/go-xerial-snappy,v0.0.0-20180814174437-776d5712da21,go,https://github.com/eapache/go-xerial-snappy,MIT,https://spdx.org/licenses/MIT.html,https://api.github.com/repos/eapache/go-xerial-snappy (normalized)
github.com/eapache/queue,v1.1.0,go,https://github.com/eapache/queue,MIT,https://spdx.org/licenses/MIT.html,https://api.github.com/repos/eapache/queue (normalized)
github.com/edsrzf/mmap-go,v1.0.0,go,https://github.com/edsrzf/mmap-go,BSD-3-Clause,https://spdx.org/licenses/BSD-3-Clause.html,https://api.github.com/repos/edsrzf/mmap-go (normalized)
github.com/envoyproxy/go-control-plane,v0.6.9,go,https://github.com/envoyproxy/go-control-plane,Apache-2.0,https://spdx.org/licenses/Apache-2.0.html,https://api.github.com/repos/envoyproxy/go-control-plane (normalized)
github.com/envoyproxy/go-control-plane,v0.9.0,go,https://github.com/envoyproxy/go-control-plane,Apache-2.0,https://spdx.org/licenses/Apache-2.0.html,https://api.github.com/repos/envoyproxy/go-control-plane (normalized)
github.com/envoyproxy/go-control-plane,v0.9.1-0.20191026205805-5f8ba28d4473,go,https://github.com/envoyproxy/go-control-plane,Apache-2.0,https://spdx.org/licenses/Apache-2.0.html,https://api.github.com/repos/envoyproxy/go-control-plane (normalized)
github.com/envoyproxy/go-control-plane,v0.9.4,go,https://github.com/envoyproxy/go-control-plane,Apache-2.0,https://spdx.org/licenses/Apache-2.0.html,https://api.github.com/repos/envoyproxy/go-control-plane (normalized)
github.com/envoyproxy/protoc-gen-validate,v0.1.0,go,https://github.com/envoyproxy/protoc-gen-validate,Apache-2.0,https://spdx.org/licenses/Apache-2.0.html,https://api.github.com/repos/envoyproxy/protoc-gen-validate (normalized)
github.com/fatih/color,v1.7.0,go,https://github.com/fatih/color,MIT,https://spdx.org/licenses/MIT.html,https://api.github.com/repos/fatih/color (normalized)
github.com/franela/goblin,v0.0.0-20200105215937-c9ffbefa60db,go,https://github.com/franela/goblin,MIT,https://spdx.org/licenses/MIT.html,https://api.github.com/repos/franela/goblin (normalized)
github.com/franela/goreq,v0.0.0-20171204163338-bcd34c9993f8,go,https://github.com/franela/goreq,MIT,https://spdx.org/licenses/MIT.html,https://api.github.com/repos/franela/goreq (normalized)
github.com/fsnotify/fsnotify,v1.4.7,go,https://github.com/fsnotify/fsnotify,BSD-3-Clause,https://spdx.org/licenses/BSD-3-Clause.html,https://api.github.com/repos/fsnotify/fsnotify (normalized)
github.com/getsentry/raven-go,v0.0.0-20180121060056-563b81fc02b7,go,https://github.com/getsentry/raven-go,BSD-3-Clause,https://spdx.org/licenses/BSD-3-Clause.html,https://api.github.com/repos/getsentry/raven-go (normalized)
github.com/ghodss/yaml,v1.0.0,go,https://github.com/ghodss/yaml,Other,Unknown,https://api.github.com/repos/ghodss/yaml
github.com/go-kit/kit,v0.10.0,go,https://github.com/go-kit/kit,MIT,https://spdx.org/licenses/MIT.html,https://api.github.com/repos/go-kit/kit (normalized)
github.com/go-kit/kit,v0.8.0,go,https://github.com/go-kit/kit,MIT,https://spdx.org/licenses/MIT.html,https://api.github.com/repos/go-kit/kit (normalized)
github.com/go-kit/kit,v0.9.0,go,https://github.com/go-kit/kit,MIT,https://spdx.org/licenses/MIT.html,https://api.github.com/repos/go-kit/kit (normalized)
github.com/go-logfmt/logfmt,v0.3.0,go,https://github.com/go-logfmt/logfmt,MIT,https://spdx.org/licenses/MIT.html,https://api.github.com/repos/go-logfmt/logfmt (normalized)
github.com/go-logfmt/logfmt,v0.4.0,go,https://github.com/go-logfmt/logfmt,MIT,https://spdx.org/licenses/MIT.html,https://api.github.com/repos/go-logfmt/logfmt (normalized)
github.com/go-logfmt/logfmt,v0.5.0,go,https://github.com/go-logfmt/logfmt,MIT,https://spdx.org/licenses/MIT.html,https://api.github.com/repos/go-logfmt/logfmt (normalized)
github.com/go-sql-driver/mysql,v1.3.0,go,https://github.com/go-sql-driver/mysql,MPL-2.0,https://spdx.org/licenses/MPL-2.0.html,https://api.github.com/repos/go-sql-driver/mysql (normalized)
github.com/go-sql-driver/mysql,v1.4.0,go,https://github.com/go-sql-driver/mysql,MPL-2.0,https://spdx.org/licenses/MPL-2.0.html,https://api.github.com/repos/go-sql-driver/mysql (normalized)
github.com/go-stack/stack,v1.8.0,go,https://github.com/go-stack/stack,MIT,https://spdx.org/licenses/MIT.html,https://api.github.com/repos/go-stack/stack (normalized)
github.com/gogo/googleapis,v1.1.0,go,https://github.com/gogo/googleapis,Apache-2.0,https://spdx.org/licenses/Apache-2.0.html,https://api.github.com/repos/gogo/googleapis (normalized)
github.com/gogo/protobuf,v1.1.1,go,https://github.com/gogo/protobuf,Other,Unknown,https://api.github.com/repos/gogo/protobuf
github.com/gogo/protobuf,v1.2.0,go,https://github.com/gogo/protobuf,Other,Unknown,https://api.github.com/repos/gogo/protobuf
github.com/gogo/protobuf,v1.2.1,go,https://github.com/gogo/protobuf,Other,Unknown,https://api.github.com/repos/gogo/protobuf
github.com/golang/glog,v0.0.0-20160126235308-23def4e6c14b,go,https://github.com/golang/glog,Apache-2.0,https://spdx.org/licenses/Apache-2.0.html,https://api.github.com/repos/golang/glog (normalized)
github.com/golang/groupcache,v0.0.0-20160516000752-02826c3e7903,go,https://github.com/golang/groupcache,Apache-2.0,https://spdx.org/licenses/Apache-2.0.html,https://api.github.com/repos/golang/groupcache (normalized)
github.com/golang/groupcache,v0.0.0-20190702054246-869f871628b6,go,https://github.com/golang/groupcache,Apache-2.0,https://spdx.org/licenses/Apache-2.0.html,https://api.github.com/repos/golang/groupcache (normalized)
github.com/golang/mock,v1.1.1,go,https://github.com/golang/mock,Apache-2.0,https://spdx.org/licenses/Apache-2.0.html,https://api.github.com/repos/golang/mock (normalized)
github.com/golang/mock,v1.4.3,go,https://github.com/golang/mock,Apache-2.0,https://spdx.org/licenses/Apache-2.0.html,https://api.github.com/repos/golang/mock (normalized)
github.com/golang/protobuf,v1.2.0,go,https://github.com/golang/protobuf,BSD-3-Clause,https://spdx.org/licenses/BSD-3-Clause.html,https://api.github.com/repos/golang/protobuf (normalized)
github.com/golang/protobuf,v1.3.1,go,https://github.com/golang/protobuf,BSD-3-Clause,https://spdx.org/licenses/BSD-3-Clause.html,https://api.github.com/repos/golang/protobuf (normalized)
github.com/golang/protobuf,v1.3.2,go,https://github.com/golang/protobuf,BSD-3-Clause,https://spdx.org/licenses/BSD-3-Clause.html,https://api.github.com/repos/golang/protobuf (normalized)
github.com/golang/protobuf,v1.3.3,go,https://github.com/golang/protobuf,BSD-3-Clause,https://spdx.org/licenses/BSD-3-Clause.html,https://api.github.com/repos/golang/protobuf (normalized)
github.com/golang/snappy,v0.0.0-20180518054509-2e65f85255db,go,https://github.com/golang/snappy,BSD-3-Clause,https://spdx.org/licenses/BSD-3-Clause.html,https://api.github.com/repos/golang/snappy (normalized)
github.com/google/btree,v0.0.0-20180813153112-4030bb1f1f0c,go,https://github.com/google/btree,Apache-2.0,https://spdx.org/licenses/Apache-2.0.html,https://api.github.com/repos/google/btree (normalized)
github.com/google/btree,v1.0.0,go,https://github.com/google/btree,Apache-2.0,https://spdx.org/licenses/Apache-2.0.html,https://api.github.com/repos/google/btree (normalized)
github.com/google/certificate-transparency-go,v1.0.21,go,https://github.com/google/certificate-transparency-go,Apache-2.0,https://spdx.org/licenses/Apache-2.0.html,https://api.github.com/repos/google/certificate-transparency-go (normalized)
github.com/google/go-cmp,v0.2.0,go,https://github.com/google/go-cmp,BSD-3-Clause,https://spdx.org/licenses/BSD-3-Clause.html,https://api.github.com/repos/google/go-cmp (normalized)
github.com/google/go-cmp,v0.3.0,go,https://github.com/google/go-cmp,BSD-3-Clause,https://spdx.org/licenses/BSD-3-Clause.html,https://api.github.com/repos/google/go-cmp (normalized)
github.com/google/go-cmp,v0.3.1,go,https://github.com/google/go-cmp,BSD-3-Clause,https://spdx.org/licenses/BSD-3-Clause.html,https://api.github.com/repos/google/go-cmp (normalized)
github.com/google/gofuzz,v1.0.0,go,https://github.com/google/gofuzz,Apache-2.0,https://spdx.org/licenses/Apache-2.0.html,https://api.github.com/repos/google/gofuzz (normalized)
github.com/google/renameio,v0.1.0,go,https://github.com/google/renameio,Apache-2.0,https://spdx.org/licenses/Apache-2.0.html,https://api.github.com/repos/google/renameio (normalized)
github.com/google/uuid,v1.0.0,go,https://github.com/google/uuid,BSD-3-Clause,https://spdx.org/licenses/BSD-3-Clause.html,https://api.github.com/repos/google/uuid (normalized)
github.com/gopherjs/gopherjs,v0.0.0-20181017120253-0766667cb4d1,go,https://github.com/gopherjs/gopherjs,BSD-2-Clause,https://spdx.org/licenses/BSD-2-Clause.html,https://api.github.com/repos/gopherjs/gopherjs (normalized)
github.com/gorilla/context,v1.1.1,go,https://github.com/gorilla/context,BSD-3-Clause,https://spdx.org/licenses/BSD-3-Clause.html,https://api.github.com/repos/gorilla/context (normalized)
github.com/gorilla/mux,v1.6.2,go,https://github.com/gorilla/mux,BSD-3-Clause,https://spdx.org/licenses/BSD-3-Clause.html,https://api.github.com/repos/gorilla/mux (normalized)
github.com/gorilla/mux,v1.7.3,go,https://github.com/gorilla/mux,BSD-3-Clause,https://spdx.org/licenses/BSD-3-Clause.html,https://api.github.com/repos/gorilla/mux (normalized)
github.com/gorilla/websocket,v0.0.0-20170926233335-4201258b820c,go,https://github.com/gorilla/websocket,BSD-2-Clause,https://spdx.org/licenses/BSD-2-Clause.html,https://api.github.com/repos/gorilla/websocket (normalized)
github.com/grpc-ecosystem/go-grpc-middleware,v1.0.1-0.20190118093823-f849b5445de4,go,https://github.com/grpc-ecosystem/go-grpc-middleware,Apache-2.0,https://spdx.org/licenses/Apache-2.0.html,https://api.github.com/repos/grpc-ecosystem/go-grpc-middleware (normalized)
github.com/grpc-ecosystem/go-grpc-prometheus,v1.2.0,go,https://github.com/grpc-ecosystem/go-grpc-prometheus,Apache-2.0,https://spdx.org/licenses/Apache-2.0.html,https://api.github.com/repos/grpc-ecosystem/go-grpc-prometheus (normalized)
github.com/grpc-ecosystem/grpc-gateway,v1.9.5,go,https://github.com/grpc-ecosystem/grpc-gateway,BSD-3-Clause,https://spdx.org/licenses/BSD-3-Clause.html,https://api.github.com/repos/grpc-ecosystem/grpc-gateway (normalized)
github.com/hashicorp/consul/api,v1.3.0,go,https://github.com/hashicorp/consul/api,Other,Unknown,https://api.github.com/repos/hashicorp/consul
github.com/hashicorp/consul/sdk,v0.3.0,go,https://github.com/hashicorp/consul/sdk,Other,Unknown,https://api.github.com/repos/hashicorp/consul
github.com/hashicorp/errwrap,v1.0.0,go,https://github.com/hashicorp/errwrap,MPL-2.0,https://spdx.org/licenses/MPL-2.0.html,https://api.github.com/repos/hashicorp/errwrap (normalized)
github.com/hashicorp/go-cleanhttp,v0.5.1,go,https://github.com/hashicorp/go-cleanhttp,MPL-2.0,https://spdx.org/licenses/MPL-2.0.html,https://api.github.com/repos/hashicorp/go-cleanhttp (normalized)
github.com/hashicorp/go-immutable-radix,v1.0.0,go,https://github.com/hashicorp/go-immutable-radix,MPL-2.0,https://spdx.org/licenses/MPL-2.0.html,https://api.github.com/repos/hashicorp/go-immutable-radix (normalized)
github.com/hashicorp/go-msgpack,v0.5.3,go,https://github.com/hashicorp/go-msgpack,MIT,https://spdx.org/licenses/MIT.html,https://api.github.com/repos/hashicorp/go-msgpack (normalized)
github.com/hashicorp/go-multierror,v1.0.0,go,https://github.com/hashicorp/go-multierror,MPL-2.0,https://spdx.org/licenses/MPL-2.0.html,https://api.github.com/repos/hashicorp/go-multierror (normalized)
github.com/hashicorp/go-rootcerts,v1.0.0,go,https://github.com/hashicorp/go-rootcerts,MPL-2.0,https://spdx.org/licenses/MPL-2.0.html,https://api.github.com/repos/hashicorp/go-rootcerts (normalized)
github.com/hashicorp/go-sockaddr,v1.0.0,go,https://github.com/hashicorp/go-sockaddr,MPL-2.0,https://spdx.org/licenses/MPL-2.0.html,https://api.github.com/repos/hashicorp/go-sockaddr (normalized)
github.com/hashicorp/go-syslog,v1.0.0,go,https://github.com/hashicorp/go-syslog,MIT,https://spdx.org/licenses/MIT.html,https://api.github.com/repos/hashicorp/go-syslog (normalized)
github.com/hashicorp/go-uuid,v1.0.0,go,https://github.com/hashicorp/go-uuid,MPL-2.0,https://spdx.org/licenses/MPL-2.0.html,https://api.github.com/repos/hashicorp/go-uuid (normalized)
github.com/hashicorp/go-uuid,v1.0.1,go,https://github.com/hashicorp/go-uuid,MPL-2.0,https://spdx.org/licenses/MPL-2.0.html,https://api.github.com/repos/hashicorp/go-uuid (normalized)
github.com/hashicorp/go-version,v1.2.0,go,https://github.com/hashicorp/go-version,MPL-2.0,https://spdx.org/licenses/MPL-2.0.html,https://api.github.com/repos/hashicorp/go-version (normalized)
github.com/hashicorp/go.net,v0.0.1,go,https://github.com/hashicorp/go.net,BSD-3-Clause,https://spdx.org/licenses/BSD-3-Clause.html,https://api.github.com/repos/hashicorp/go.net (normalized)
github.com/hashicorp/golang-lru,v0.5.0,go,https://github.com/hashicorp/golang-lru,MPL-2.0,https://spdx.org/licenses/MPL-2.0.html,https://api.github.com/repos/hashicorp/golang-lru (normalized)
github.com/hashicorp/golang-lru,v0.5.1,go,https://github.com/hashicorp/golang-lru,MPL-2.0,https://spdx.org/licenses/MPL-2.0.html,https://api.github.com/repos/hashicorp/golang-lru (normalized)
github.com/hashicorp/hcl,v1.0.0,go,https://github.com/hashicorp/hcl,MPL-2.0,https://spdx.org/licenses/MPL-2.0.html,https://api.github.com/repos/hashicorp/hcl (normalized)
github.com/hashicorp/logutils,v1.0.0,go,https://github.com/hashicorp/logutils,MPL-2.0,https://spdx.org/licenses/MPL-2.0.html,https://api.github.com/repos/hashicorp/logutils (normalized)
github.com/hashicorp/mdns,v1.0.0,go,https://github.com/hashicorp/mdns,MIT,https://spdx.org/licenses/MIT.html,https://api.github.com/repos/hashicorp/mdns (normalized)
github.com/hashicorp/memberlist,v0.1.3,go,https://github.com/hashicorp/memberlist,MPL-2.0,https://spdx.org/licenses/MPL-2.0.html,https://api.github.com/repos/hashicorp/memberlist (normalized)
github.com/hashicorp/serf,v0.8.2,go,https://github.com/hashicorp/serf,MPL-2.0,https://spdx.org/licenses/MPL-2.0.html,https://api.github.com/repos/hashicorp/serf (normalized)
github.com/hpcloud/tail,v1.0.0,go,https://github.com/hpcloud/tail,MIT,https://spdx.org/licenses/MIT.html,https://api.github.com/repos/hpcloud/tail (normalized)
github.com/hudl/fargo,v1.3.0,go,https://github.com/hudl/fargo,MIT,https://spdx.org/licenses/MIT.html,https://api.github.com/repos/hudl/fargo (normalized)
github.com/hyperledger/fabric-config,v0.0.5,go,https://github.com/hyperledger/fabric-config,Apache-2.0,https://spdx.org/licenses/Apache-2.0.html,https://api.github.com/repos/hyperledger/fabric-config (normalized)
github.com/hyperledger/fabric-lib-go,v1.0.0,go,https://github.com/hyperledger/fabric-lib-go,Apache-2.0,https://spdx.org/licenses/Apache-2.0.html,https://api.github.com/repos/hyperledger/fabric-lib-go (normalized)
github.com/hyperledger/fabric-protos-go,v0.0.0-20200424173316-dd554ba3746e,go,https://github.com/hyperledger/fabric-protos-go,Apache-2.0,https://spdx.org/licenses/Apache-2.0.html,https://api.github.com/repos/hyperledger/fabric-protos-go (normalized)
github.com/hyperledger/fabric-protos-go,v0.0.0-20211118165945-23d738fc3553,go,https://github.com/hyperledger/fabric-protos-go,Apache-2.0,https://spdx.org/licenses/Apache-2.0.html,https://api.github.com/repos/hyperledger/fabric-protos-go (normalized)
github.com/inconshreveable/mousetrap,v1.0.0,go,https://github.com/inconshreveable/mousetrap,Apache-2.0,https://spdx.org/licenses/Apache-2.0.html,https://api.github.com/repos/inconshreveable/mousetrap (normalized)
github.com/influxdata/influxdb1-client,v0.0.0-20191209144304-8bf82d3c094d,go,https://github.com/influxdata/influxdb1-client,MIT,https://spdx.org/licenses/MIT.html,https://api.github.com/repos/influxdata/influxdb1-client (normalized)
github.com/jessevdk/go-flags,v1.4.0,go,https://github.com/jessevdk/go-flags,BSD-3-Clause,https://spdx.org/licenses/BSD-3-Clause.html,https://api.github.com/repos/jessevdk/go-flags (normalized)
github.com/jmespath/go-jmespath,v0.0.0-20180206201540-c2b33e8439af,go,https://github.com/jmespath/go-jmespath,Apache-2.0,https://spdx.org/licenses/Apache-2.0.html,https://api.github.com/repos/jmespath/go-jmespath (normalized)
github.com/jmhodges/clock,v0.0.0-20160418191101-880ee4c33548,go,https://github.com/jmhodges/clock,MIT,https://spdx.org/licenses/MIT.html,https://api.github.com/repos/jmhodges/clock (normalized)
github.com/jmoiron/sqlx,v0.0.0-20180124204410-05cef0741ade,go,https://github.com/jmoiron/sqlx,MIT,https://spdx.org/licenses/MIT.html,https://api.github.com/repos/jmoiron/sqlx (normalized)
github.com/jonboulle/clockwork,v0.1.0,go,https://github.com/jonboulle/clockwork,Apache-2.0,https://spdx.org/licenses/Apache-2.0.html,https://api.github.com/repos/jonboulle/clockwork (normalized)
github.com/json-iterator/go,v1.1.6,go,https://github.com/json-iterator/go,MIT,https://spdx.org/licenses/MIT.html,https://api.github.com/repos/json-iterator/go (normalized)
github.com/json-iterator/go,v1.1.7,go,https://github.com/json-iterator/go,MIT,https://spdx.org/licenses/MIT.html,https://api.github.com/repos/json-iterator/go (normalized)
github.com/json-iterator/go,v1.1.8,go,https://github.com/json-iterator/go,MIT,https://spdx.org/licenses/MIT.html,https://api.github.com/repos/json-iterator/go (normalized)
github.com/jtolds/gls,v4.20.0+incompatible,go,https://github.com/jtolds/gls,MIT,https://spdx.org/licenses/MIT.html,https://api.github.com/repos/jtolds/gls (normalized)
github.com/julienschmidt/httprouter,v1.2.0,go,https://github.com/julienschmidt/httprouter,BSD-3-Clause,https://spdx.org/licenses/BSD-3-Clause.html,https://api.github.com/repos/julienschmidt/httprouter (normalized)
github.com/kisielk/errcheck,v1.1.0,go,https://github.com/kisielk/errcheck,MIT,https://spdx.org/licenses/MIT.html,https://api.github.com/repos/kisielk/errcheck (normalized)
github.com/kisielk/gotool,v1.0.0,go,https://github.com/kisielk/gotool,MIT,https://spdx.org/licenses/MIT.html,https://api.github.com/repos/kisielk/gotool (normalized)
github.com/kisielk/sqlstruct,v0.0.0-20150923205031-648daed35d49,go,https://github.com/kisielk/sqlstruct,MIT,https://spdx.org/licenses/MIT.html,https://api.github.com/repos/kisielk/sqlstruct (normalized)
github.com/kisom/goutils,v1.1.0,go,https://github.com/kisom/goutils,Other,Unknown,https://api.github.com/repos/kisom/goutils
github.com/konsorten/go-windows-terminal-sequences,v1.0.1,go,https://github.com/konsorten/go-windows-terminal-sequences,MIT,https://spdx.org/licenses/MIT.html,https://api.github.com/repos/konsorten/go-windows-terminal-sequences (normalized)
github.com/kr/fs,v0.1.0,go,https://github.com/kr/fs,BSD-3-Clause,https://spdx.org/licenses/BSD-3-Clause.html,https://api.github.com/repos/kr/fs (normalized)
github.com/kr/logfmt,v0.0.0-20140226030751-b84e30acd515,go,https://github.com/kr/logfmt,MIT,https://spdx.org/licenses/MIT.html,https://api.github.com/repos/kr/logfmt (normalized)
github.com/kr/pretty,v0.1.0,go,https://github.com/kr/pretty,MIT,https://spdx.org/licenses/MIT.html,https://api.github.com/repos/kr/pretty (normalized)
github.com/kr/pty,v1.1.1,go,https://github.com/kr/pty,MIT,https://spdx.org/licenses/MIT.html,https://api.github.com/repos/kr/pty (normalized)
github.com/kr/text,v0.1.0,go,https://github.com/kr/text,MIT,https://spdx.org/licenses/MIT.html,https://api.github.com/repos/kr/text (normalized)
github.com/kylelemons/go-gypsy,v0.0.0-20160905020020-08cad365cd28,go,https://github.com/kylelemons/go-gypsy,Apache-2.0,https://spdx.org/licenses/Apache-2.0.html,https://api.github.com/repos/kylelemons/go-gypsy (normalized)
github.com/lib/pq,v0.0.0-20180201184707-88edab080323,go,https://github.com/lib/pq,MIT,https://spdx.org/licenses/MIT.html,https://api.github.com/repos/lib/pq (normalized)
github.com/lightstep/lightstep-tracer-common/golang/gogo,v0.0.0-20190605223551-bc2310a04743,go,https://github.com/lightstep/lightstep-tracer-common/golang/gogo,MIT,https://spdx.org/licenses/MIT.html,https://api.github.com/repos/lightstep/lightstep-tracer-common (normalized)
github.com/lightstep/lightstep-tracer-go,v0.18.1,go,https://github.com/lightstep/lightstep-tracer-go,MIT,https://spdx.org/licenses/MIT.html,https://api.github.com/repos/lightstep/lightstep-tracer-go (normalized)
github.com/lyft/protoc-gen-validate,v0.0.13,go,https://github.com/lyft/protoc-gen-validate,Apache-2.0,https://spdx.org/licenses/Apache-2.0.html,https://api.github.com/repos/lyft/protoc-gen-validate (normalized)
github.com/magiconair/properties,v1.8.5,go,https://github.com/magiconair/properties,BSD-2-Clause,https://spdx.org/licenses/BSD-2-Clause.html,https://api.github.com/repos/magiconair/properties (normalized)
github.com/mattn/go-colorable,v0.0.9,go,https://github.com/mattn/go-colorable,MIT,https://spdx.org/licenses/MIT.html,https://api.github.com/repos/mattn/go-colorable (normalized)
github.com/mattn/go-isatty,v0.0.3,go,https://github.com/mattn/go-isatty,MIT,https://spdx.org/licenses/MIT.html,https://api.github.com/repos/mattn/go-isatty (normalized)
github.com/mattn/go-isatty,v0.0.4,go,https://github.com/mattn/go-isatty,Unknown,Unknown,Unknown
github.com/mattn/go-runewidth,v0.0.2,go,https://github.com/mattn/go-runewidth,MIT,https://spdx.org/licenses/MIT.html,https://api.github.com/repos/mattn/go-runewidth (normalized)
github.com/mattn/go-sqlite3,v1.10.0,go,https://github.com/mattn/go-sqlite3,MIT,https://spdx.org/licenses/MIT.html,https://api.github.com/repos/mattn/go-sqlite3 (normalized)
github.com/matttproud/golang_protobuf_extensions,v1.0.1,go,https://github.com/matttproud/golang_protobuf_extensions,Apache-2.0,https://spdx.org/licenses/Apache-2.0.html,https://api.github.com/repos/matttproud/golang_protobuf_extensions (normalized)
github.com/miekg/dns,v1.0.14,go,https://github.com/miekg/dns,BSD-3-Clause,https://spdx.org/licenses/BSD-3-Clause.html,https://api.github.com/repos/miekg/dns (normalized)
github.com/miekg/pkcs11,v1.0.3,go,https://github.com/miekg/pkcs11,BSD-3-Clause,https://spdx.org/licenses/BSD-3-Clause.html,https://api.github.com/repos/miekg/pkcs11 (normalized)
github.com/mitchellh/cli,v1.0.0,go,https://github.com/mitchellh/cli,MPL-2.0,https://spdx.org/licenses/MPL-2.0.html,https://api.github.com/repos/mitchellh/cli (normalized)
github.com/mitchellh/go-homedir,v1.0.0,go,https://github.com/mitchellh/go-homedir,MIT,https://spdx.org/licenses/MIT.html,https://api.github.com/repos/mitchellh/go-homedir (normalized)
github.com/mitchellh/go-testing-interface,v1.0.0,go,https://github.com/mitchellh/go-testing-interface,MIT,https://spdx.org/licenses/MIT.html,https://api.github.com/repos/mitchellh/go-testing-interface (normalized)
github.com/mitchellh/gox,v0.4.0,go,https://github.com/mitchellh/gox,MPL-2.0,https://spdx.org/licenses/MPL-2.0.html,https://api.github.com/repos/mitchellh/gox (normalized)
github.com/mitchellh/iochan,v1.0.0,go,https://github.com/mitchellh/iochan,MIT,https://spdx.org/licenses/MIT.html,https://api.github.com/repos/mitchellh/iochan (normalized)
github.com/mitchellh/mapstructure,v0.0.0-20160808181253-ca63d7c062ee,go,https://github.com/mitchellh/mapstructure,MIT,https://spdx.org/licenses/MIT.html,https://api.github.com/repos/mitchellh/mapstructure (normalized)
github.com/mitchellh/mapstructure,v1.1.2,go,https://github.com/mitchellh/mapstructure,MIT,https://spdx.org/licenses/MIT.html,https://api.github.com/repos/mitchellh/mapstructure (normalized)
github.com/mitchellh/mapstructure,v1.3.2,go,https://github.com/mitchellh/mapstructure,MIT,https://spdx.org/licenses/MIT.html,https://api.github.com/repos/mitchellh/mapstructure (normalized)
github.com/modern-go/concurrent,v0.0.0-20180228061459-e0a39a4cb421,go,https://github.com/modern-go/concurrent,Apache-2.0,https://spdx.org/licenses/Apache-2.0.html,https://api.github.com/repos/modern-go/concurrent (normalized)
github.com/modern-go/concurrent,v0.0.0-20180306012644-bacd9c7ef1dd,go,https://github.com/modern-go/concurrent,Apache-2.0,https://spdx.org/licenses/Apache-2.0.html,https://api.github.com/repos/modern-go/concurrent (normalized)
github.com/modern-go/reflect2,v0.0.0-20180701023420-4b7aa43c6742,go,https://github.com/modern-go/reflect2,Apache-2.0,https://spdx.org/licenses/Apache-2.0.html,https://api.github.com/repos/modern-go/reflect2 (normalized)
github.com/modern-go/reflect2,v1.0.1,go,https://github.com/modern-go/reflect2,Apache-2.0,https://spdx.org/licenses/Apache-2.0.html,https://api.github.com/repos/modern-go/reflect2 (normalized)
github.com/mreiferson/go-httpclient,v0.0.0-20160630210159-31f0106b4474,go,https://github.com/mreiferson/go-httpclient,MIT,https://spdx.org/licenses/MIT.html,https://api.github.com/repos/mreiferson/go-httpclient (normalized)
github.com/mwitkow/go-conntrack,v0.0.0-20161129095857-cc309e4a2223,go,https://github.com/mwitkow/go-conntrack,Apache-2.0,https://spdx.org/licenses/Apache-2.0.html,https://api.github.com/repos/mwitkow/go-conntrack (normalized)
github.com/nats-io/jwt,v0.3.0,go,https://github.com/nats-io/jwt,Apache-2.0,https://spdx.org/licenses/Apache-2.0.html,https://api.github.com/repos/nats-io/jwt (normalized)
github.com/nats-io/jwt,v0.3.2,go,https://github.com/nats-io/jwt,Apache-2.0,https://spdx.org/licenses/Apache-2.0.html,https://api.github.com/repos/nats-io/jwt (normalized)
github.com/nats-io/nats-server/v2,v2.1.2,go,https://github.com/nats-io/nats-server/v2,Apache-2.0,https://spdx.org/licenses/Apache-2.0.html,https://api.github.com/repos/nats-io/nats-server (normalized)
github.com/nats-io/nats.go,v1.9.1,go,https://github.com/nats-io/nats.go,Apache-2.0,https://spdx.org/licenses/Apache-2.0.html,https://api.github.com/repos/nats-io/nats.go (normalized)
github.com/nats-io/nkeys,v0.1.0,go,https://github.com/nats-io/nkeys,Apache-2.0,https://spdx.org/licenses/Apache-2.0.html,https://api.github.com/repos/nats-io/nkeys (normalized)
github.com/nats-io/nkeys,v0.1.3,go,https://github.com/nats-io/nkeys,Apache-2.0,https://spdx.org/licenses/Apache-2.0.html,https://api.github.com/repos/nats-io/nkeys (normalized)
github.com/nats-io/nuid,v1.0.1,go,https://github.com/nats-io/nuid,Apache-2.0,https://spdx.org/licenses/Apache-2.0.html,https://api.github.com/repos/nats-io/nuid (normalized)
github.com/nkovacs/streamquote,v0.0.0-20170412213628-49af9bddb229,go,https://github.com/nkovacs/streamquote,BSD-3-Clause,https://spdx.org/licenses/BSD-3-Clause.html,https://api.github.com/repos/nkovacs/streamquote (normalized)
github.com/oklog/oklog,v0.3.2,go,https://github.com/oklog/oklog,Apache-2.0,https://spdx.org/licenses/Apache-2.0.html,https://api.github.com/repos/oklog/oklog (normalized)
github.com/oklog/run,v1.0.0,go,https://github.com/oklog/run,Apache-2.0,https://spdx.org/licenses/Apache-2.0.html,https://api.github.com/repos/oklog/run (normalized)
github.com/olekukonko/tablewriter,v0.0.0-20170122224234-a0225b3f23b5,go,https://github.com/olekukonko/tablewriter,MIT,https://spdx.org/licenses/MIT.html,https://api.github.com/repos/olekukonko/tablewriter (normalized)
github.com/onsi/ginkgo,v1.6.0,go,https://github.com/onsi/ginkgo,MIT,https://spdx.org/licenses/MIT.html,https://api.github.com/repos/onsi/ginkgo (normalized)
github.com/onsi/ginkgo,v1.7.0,go,https://github.com/onsi/ginkgo,MIT,https://spdx.org/licenses/MIT.html,https://api.github.com/repos/onsi/ginkgo (normalized)
github.com/onsi/gomega,v1.4.3,go,https://github.com/onsi/gomega,MIT,https://spdx.org/licenses/MIT.html,https://api.github.com/repos/onsi/gomega (normalized)
github.com/onsi/gomega,v1.9.0,go,https://github.com/onsi/gomega,MIT,https://spdx.org/licenses/MIT.html,https://api.github.com/repos/onsi/gomega (normalized)
github.com/op/go-logging,v0.0.0-20160315200505-970db520ece7,go,https://github.com/op/go-logging,BSD-3-Clause,https://spdx.org/licenses/BSD-3-Clause.html,https://api.github.com/repos/op/go-logging (normalized)
github.com/opentracing-contrib/go-observer,v0.0.0-20170622124052-a52f23424492,go,https://github.com/opentracing-contrib/go-observer,Apache-2.0,https://spdx.org/licenses/Apache-2.0.html,https://api.github.com/repos/opentracing-contrib/go-observer (normalized)
github.com/opentracing/basictracer-go,v1.0.0,go,https://github.com/opentracing/basictracer-go,Apache-2.0,https://spdx.org/licenses/Apache-2.0.html,https://api.github.com/repos/opentracing/basictracer-go (normalized)
github.com/opentracing/opentracing-go,v1.0.2,go,https://github.com/opentracing/opentracing-go,Apache-2.0,https://spdx.org/licenses/Apache-2.0.html,https://api.github.com/repos/opentracing/opentracing-go (normalized)
github.com/opentracing/opentracing-go,v1.1.0,go,https://github.com/opentracing/opentracing-go,Apache-2.0,https://spdx.org/licenses/Apache-2.0.html,https://api.github.com/repos/opentracing/opentracing-go (normalized)
github.com/openzipkin-contrib/zipkin-go-opentracing,v0.4.5,go,https://github.com/openzipkin-contrib/zipkin-go-opentracing,Apache-2.0,https://spdx.org/licenses/Apache-2.0.html,https://api.github.com/repos/openzipkin-contrib/zipkin-go-opentracing (normalized)
github.com/openzipkin/zipkin-go,v0.1.6,go,https://github.com/openzipkin/zipkin-go,Apache-2.0,https://spdx.org/licenses/Apache-2.0.html,https://api.github.com/repos/openzipkin/zipkin-go (normalized)
github.com/openzipkin/zipkin-go,v0.2.1,go,https://github.com/openzipkin/zipkin-go,Apache-2.0,https://spdx.org/licenses/Apache-2.0.html,https://api.github.com/repos/openzipkin/zipkin-go (normalized)
github.com/openzipkin/zipkin-go,v0.2.2,go,https://github.com/openzipkin/zipkin-go,Apache-2.0,https://spdx.org/licenses/Apache-2.0.html,https://api.github.com/repos/openzipkin/zipkin-go (normalized)
github.com/pact-foundation/pact-go,v1.0.4,go,https://github.com/pact-foundation/pact-go,MIT,https://spdx.org/licenses/MIT.html,https://api.github.com/repos/pact-foundation/pact-go (normalized)
github.com/pascaldekloe/goe,v0.0.0-20180627143212-57f6aae5913c,go,https://github.com/pascaldekloe/goe,CC0-1.0,https://spdx.org/licenses/CC0-1.0.html,https://api.github.com/repos/pascaldekloe/goe (normalized)
github.com/pborman/uuid,v1.2.0,go,https://github.com/pborman/uuid,BSD-3-Clause,https://spdx.org/licenses/BSD-3-Clause.html,https://api.github.com/repos/pborman/uuid (normalized)
github.com/pelletier/go-toml,v1.9.4,go,https://github.com/pelletier/go-toml,Other,Unknown,https://api.github.com/repos/pelletier/go-toml
github.com/performancecopilot/speed,v3.0.0+incompatible,go,https://github.com/performancecopilot/speed,MIT,https://spdx.org/licenses/MIT.html,https://api.github.com/repos/performancecopilot/speed (normalized)
github.com/pierrec/lz4,v1.0.2-0.20190131084431-473cd7ce01a1,go,https://github.com/pierrec/lz4,BSD-3-Clause,https://spdx.org/licenses/BSD-3-Clause.html,https://api.github.com/repos/pierrec/lz4 (normalized)
github.com/pierrec/lz4,v2.0.5+incompatible,go,https://github.com/pierrec/lz4,BSD-3-Clause,https://spdx.org/licenses/BSD-3-Clause.html,https://api.github.com/repos/pierrec/lz4 (normalized)
github.com/pkg/errors,v0.8.0,go,https://github.com/pkg/errors,BSD-2-Clause,https://spdx.org/licenses/BSD-2-Clause.html,https://api.github.com/repos/pkg/errors (normalized)
github.com/pkg/errors,v0.8.1,go,https://github.com/pkg/errors,BSD-2-Clause,https://spdx.org/licenses/BSD-2-Clause.html,https://api.github.com/repos/pkg/errors (normalized)
github.com/pkg/profile,v1.2.1,go,https://github.com/pkg/profile,BSD-2-Clause,https://spdx.org/licenses/BSD-2-Clause.html,https://api.github.com/repos/pkg/profile (normalized)
github.com/pkg/sftp,v1.10.1,go,https://github.com/pkg/sftp,BSD-2-Clause,https://spdx.org/licenses/BSD-2-Clause.html,https://api.github.com/repos/pkg/sftp (normalized)
github.com/pmezard/go-difflib,v1.0.0,go,https://github.com/pmezard/go-difflib,BSD-3-Clause,https://spdx.org/licenses/BSD-3-Clause.html,https://github.com/pmezard/go-difflib/blob/master/LICENSE (normalized)
github.com/posener/complete,v1.1.1,go,https://github.com/posener/complete,MIT,https://spdx.org/licenses/MIT.html,https://api.github.com/repos/posener/complete (normalized)
github.com/prometheus/client_golang,v0.9.1,go,https://github.com/prometheus/client_golang,Apache-2.0,https://spdx.org/licenses/Apache-2.0.html,https://api.github.com/repos/prometheus/client_golang (normalized)
github.com/prometheus/client_golang,v0.9.3-0.20190127221311-3c4408c8b829,go,https://github.com/prometheus/client_golang,Apache-2.0,https://spdx.org/licenses/Apache-2.0.html,https://api.github.com/repos/prometheus/client_golang (normalized)
github.com/prometheus/client_golang,v1.0.0,go,https://github.com/prometheus/client_golang,Apache-2.0,https://spdx.org/licenses/Apache-2.0.html,https://api.github.com/repos/prometheus/client_golang (normalized)
github.com/prometheus/client_golang,v1.3.0,go,https://github.com/prometheus/client_golang,Apache-2.0,https://spdx.org/licenses/Apache-2.0.html,https://api.github.com/repos/prometheus/client_golang (normalized)
github.com/prometheus/client_model,v0.0.0-20180712105110-5c3871d89910,go,https://github.com/prometheus/client_model,Apache-2.0,https://spdx.org/licenses/Apache-2.0.html,https://api.github.com/repos/prometheus/client_model (normalized)
github.com/prometheus/client_model,v0.0.0-20190115171406-56726106282f,go,https://github.com/prometheus/client_model,Apache-2.0,https://spdx.org/licenses/Apache-2.0.html,https://api.github.com/repos/prometheus/client_model (normalized)
github.com/prometheus/client_model,v0.0.0-20190129233127-fd36f4220a90,go,https://github.com/prometheus/client_model,Apache-2.0,https://spdx.org/licenses/Apache-2.0.html,https://api.github.com/repos/prometheus/client_model (normalized)
github.com/prometheus/client_model,v0.0.0-20190812154241-14fe0d1b01d4,go,https://github.com/prometheus/client_model,Apache-2.0,https://spdx.org/licenses/Apache-2.0.html,https://api.github.com/repos/prometheus/client_model (normalized)
github.com/prometheus/client_model,v0.1.0,go,https://github.com/prometheus/client_model,Apache-2.0,https://spdx.org/licenses/Apache-2.0.html,https://api.github.com/repos/prometheus/client_model (normalized)
github.com/prometheus/common,v0.2.0,go,https://github.com/prometheus/common,Apache-2.0,https://spdx.org/licenses/Apache-2.0.html,https://api.github.com/repos/prometheus/common (normalized)
github.com/prometheus/common,v0.4.1,go,https://github.com/prometheus/common,Apache-2.0,https://spdx.org/licenses/Apache-2.0.html,https://api.github.com/repos/prometheus/common (normalized)
github.com/prometheus/common,v0.7.0,go,https://github.com/prometheus/common,Apache-2.0,https://spdx.org/licenses/Apache-2.0.html,https://api.github.com/repos/prometheus/common (normalized)
github.com/prometheus/procfs,v0.0.0-20181005140218-185b4288413d,go,https://github.com/prometheus/procfs,Apache-2.0,https://spdx.org/licenses/Apache-2.0.html,https://api.github.com/repos/prometheus/procfs (normalized)
github.com/prometheus/procfs,v0.0.0-20190117184657-bf6a532e95b1,go,https://github.com/prometheus/procfs,Apache-2.0,https://spdx.org/licenses/Apache-2.0.html,https://api.github.com/repos/prometheus/procfs (normalized)
github.com/prometheus/procfs,v0.0.2,go,https://github.com/prometheus/procfs,Apache-2.0,https://spdx.org/licenses/Apache-2.0.html,https://api.github.com/repos/prometheus/procfs (normalized)
github.com/prometheus/procfs,v0.0.8,go,https://github.com/prometheus/procfs,Apache-2.0,https://spdx.org/licenses/Apache-2.0.html,https://api.github.com/repos/prometheus/procfs (normalized)
github.com/rcrowley/go-metrics,v0.0.0-20181016184325-3113b8401b8a,go,https://github.com/rcrowley/go-metrics,Other,Unknown,https://api.github.com/repos/rcrowley/go-metrics
github.com/rogpeppe/fastuuid,v0.0.0-20150106093220-6724a57986af,go,https://github.com/rogpeppe/fastuuid,BSD-3-Clause,https://spdx.org/licenses/BSD-3-Clause.html,https://api.github.com/repos/rogpeppe/fastuuid (normalized)
github.com/rogpeppe/go-internal,v1.3.0,go,https://github.com/rogpeppe/go-internal,BSD-3-Clause,https://spdx.org/licenses/BSD-3-Clause.html,https://api.github.com/repos/rogpeppe/go-internal (normalized)
github.com/russross/blackfriday/v2,v2.0.1,go,https://github.com/russross/blackfriday/v2,Other,Unknown,https://api.github.com/repos/russross/blackfriday
github.com/ryanuber/columnize,v0.0.0-20160712163229-9b3edd62028f,go,https://github.com/ryanuber/columnize,MIT,https://spdx.org/licenses/MIT.html,https://api.github.com/repos/ryanuber/columnize (normalized)
github.com/samuel/go-zookeeper,v0.0.0-20190923202752-2cc03de413da,go,https://github.com/samuel/go-zookeeper,BSD-3-Clause,https://spdx.org/licenses/BSD-3-Clause.html,https://api.github.com/repos/samuel/go-zookeeper (normalized)
github.com/sean-/seed,v0.0.0-20170313163322-e2103e2c3529,go,https://github.com/sean-/seed,Other,Unknown,https://api.github.com/repos/sean-/seed
github.com/shurcooL/sanitized_anchor_name,v1.0.0,go,https://github.com/shurcooL/sanitized_anchor_name,MIT,https://spdx.org/licenses/MIT.html,https://api.github.com/repos/shurcooL/sanitized_anchor_name (normalized)
github.com/sirupsen/logrus,v1.2.0,go,https://github.com/sirupsen/logrus,MIT,https://spdx.org/licenses/MIT.html,https://api.github.com/repos/sirupsen/logrus (normalized)
github.com/sirupsen/logrus,v1.3.0,go,https://github.com/sirupsen/logrus,MIT,https://spdx.org/licenses/MIT.html,https://api.github.com/repos/sirupsen/logrus (normalized)
github.com/sirupsen/logrus,v1.4.2,go,https://github.com/sirupsen/logrus,MIT,https://spdx.org/licenses/MIT.html,https://api.github.com/repos/sirupsen/logrus (normalized)
github.com/smartystreets/assertions,v0.0.0-20180927180507-b2de0cb4f26d,go,https://github.com/smartystreets/assertions,Other,Unknown,https://api.github.com/repos/smartystreets/assertions
github.com/smartystreets/goconvey,v1.6.4,go,https://github.com/smartystreets/goconvey,Other,Unknown,https://api.github.com/repos/smartystreets/goconvey
github.com/soheilhy/cmux,v0.1.4,go,https://github.com/soheilhy/cmux,Apache-2.0,https://spdx.org/licenses/Apache-2.0.html,https://api.github.com/repos/soheilhy/cmux (normalized)
github.com/sony/gobreaker,v0.4.1,go,https://github.com/sony/gobreaker,MIT,https://spdx.org/licenses/MIT.html,https://api.github.com/repos/sony/gobreaker (normalized)
github.com/spf13/afero,v1.6.0,go,https://github.com/spf13/afero,Apache-2.0,https://spdx.org/licenses/Apache-2.0.html,https://api.github.com/repos/spf13/afero (normalized)
github.com/spf13/cast,v1.3.1,go,https://github.com/spf13/cast,MIT,https://spdx.org/licenses/MIT.html,https://api.github.com/repos/spf13/cast (normalized)
github.com/spf13/cobra,v0.0.3,go,https://github.com/spf13/cobra,Apache-2.0,https://spdx.org/licenses/Apache-2.0.html,https://api.github.com/repos/spf13/cobra (normalized)
github.com/spf13/jwalterweatherman,v1.1.0,go,https://github.com/spf13/jwalterweatherman,MIT,https://spdx.org/licenses/MIT.html,https://api.github.com/repos/spf13/jwalterweatherman (normalized)
github.com/spf13/pflag,v1.0.1,go,https://github.com/spf13/pflag,BSD-3-Clause,https://spdx.org/licenses/BSD-3-Clause.html,https://api.github.com/repos/spf13/pflag (normalized)
github.com/spf13/viper,v1.1.1,go,https://github.com/spf13/viper,MIT,https://spdx.org/licenses/MIT.html,https://api.github.com/repos/spf13/viper (normalized)
github.com/streadway/amqp,v0.0.0-20190404075320-75d898a42a94,go,https://github.com/streadway/amqp,BSD-2-Clause,https://spdx.org/licenses/BSD-2-Clause.html,https://api.github.com/repos/streadway/amqp (normalized)
github.com/streadway/amqp,v0.0.0-20190827072141-edfb9018d271,go,https://github.com/streadway/amqp,BSD-2-Clause,https://spdx.org/licenses/BSD-2-Clause.html,https://api.github.com/repos/streadway/amqp (normalized)
github.com/streadway/handy,v0.0.0-20190108123426-d5acb3125c2a,go,https://github.com/streadway/handy,BSD-2-Clause,https://spdx.org/licenses/BSD-2-Clause.html,https://api.github.com/repos/streadway/handy (normalized)
github.com/stretchr/objx,v0.1.0,go,https://github.com/stretchr/objx,MIT,https://spdx.org/licenses/MIT.html,https://api.github.com/repos/stretchr/objx (normalized)
github.com/stretchr/objx,v0.1.1,go,https://github.com/stretchr/objx,MIT,https://spdx.org/licenses/MIT.html,https://api.github.com/repos/stretchr/objx (normalized)
github.com/stretchr/testify,v1.2.2,go,https://github.com/stretchr/testify,MIT,https://spdx.org/licenses/MIT.html,https://api.github.com/repos/stretchr/testify (normalized)
github.com/stretchr/testify,v1.3.0,go,https://github.com/stretchr/testify,MIT,https://spdx.org/licenses/MIT.html,https://api.github.com/repos/stretchr/testify (normalized)
github.com/stretchr/testify,v1.4.0,go,https://github.com/stretchr/testify,MIT,https://spdx.org/licenses/MIT.html,https://api.github.com/repos/stretchr/testify (normalized)
github.com/stretchr/testify,v1.5.1,go,https://github.com/stretchr/testify,MIT,https://spdx.org/licenses/MIT.html,https://api.github.com/repos/stretchr/testify (normalized)
github.com/tmc/grpc-websocket-proxy,v0.0.0-20170815181823-89b8d40f7ca8,go,https://github.com/tmc/grpc-websocket-proxy,MIT,https://spdx.org/licenses/MIT.html,https://api.github.com/repos/tmc/grpc-websocket-proxy (normalized)
github.com/urfave/cli,v1.20.0,go,https://github.com/urfave/cli,MIT,https://spdx.org/licenses/MIT.html,https://api.github.com/repos/urfave/cli (normalized)
github.com/urfave/cli,v1.22.1,go,https://github.com/urfave/cli,MIT,https://spdx.org/licenses/MIT.html,https://api.github.com/repos/urfave/cli (normalized)
github.com/valyala/bytebufferpool,v1.0.0,go,https://github.com/valyala/bytebufferpool,MIT,https://spdx.org/licenses/MIT.html,https://api.github.com/repos/valyala/bytebufferpool (normalized)
github.com/valyala/fasttemplate,v1.0.1,go,https://github.com/valyala/fasttemplate,MIT,https://spdx.org/licenses/MIT.html,https://api.github.com/repos/valyala/fasttemplate (normalized)
github.com/weppos/publicsuffix-go,v0.4.0,go,https://github.com/weppos/publicsuffix-go,MIT,https://spdx.org/licenses/MIT.html,https://api.github.com/repos/weppos/publicsuffix-go (normalized)
github.com/weppos/publicsuffix-go,v0.5.0,go,https://github.com/weppos/publicsuffix-go,MIT,https://spdx.org/licenses/MIT.html,https://api.github.com/repos/weppos/publicsuffix-go (normalized)
github.com/xiang90/probing,v0.0.0-20190116061207-43a291ad63a2,go,https://github.com/xiang90/probing,MIT,https://spdx.org/licenses/MIT.html,https://api.github.com/repos/xiang90/probing (normalized)
github.com/ziutek/mymysql,v1.5.4,go,https://github.com/ziutek/mymysql,Other,Unknown,https://api.github.com/repos/ziutek/mymysql
github.com/zmap/rc2,v0.0.0-20131011165748-24b9757f5521,go,https://github.com/zmap/rc2,Other,Unknown,https://api.github.com/repos/zmap/rc2
github.com/zmap/zcertificate,v0.0.0-20180516150559-0e3d58b1bac4,go,https://github.com/zmap/zcertificate,Apache-2.0,https://spdx.org/licenses/Apache-2.0.html,https://api.github.com/repos/zmap/zcertificate (normalized)
github.com/zmap/zcrypto,v0.0.0-20190729165852-9051775e6a2e,go,https://github.com/zmap/zcrypto,Other,Unknown,https://api.github.com/repos/zmap/zcrypto
github.com/zmap/zlint,v0.0.0-20190806154020-fd021b4cfbeb,go,https://github.com/zmap/zlint,Apache-2.0,https://spdx.org/licenses/Apache-2.0.html,https://api.github.com/repos/zmap/zlint (normalized)
go,1.14,go,unknown,Unknown,Unknown,Unknown
go.etcd.io/bbolt,v1.3.3,go,unknown,Unknown,Unknown,Unknown
go.etcd.io/etcd,v0.0.0-20191023171146-3cf2f69b5738,go,unknown,Unknown,Unknown,Unknown
go.opencensus.io,v0.20.1,go,unknown,Unknown,Unknown,Unknown
go.opencensus.io,v0.20.2,go,unknown,Unknown,Unknown,Unknown
go.opencensus.io,v0.22.2,go,unknown,Unknown,Unknown,Unknown
go.uber.org/atomic,v1.3.2,go,unknown,Unknown,Unknown,Unknown
go.uber.org/atomic,v1.5.0,go,unknown,Unknown,Unknown,Unknown
go.uber.org/multierr,v1.1.0,go,unknown,Unknown,Unknown,Unknown
go.uber.org/multierr,v1.3.0,go,unknown,Unknown,Unknown,Unknown
go.uber.org/tools,v0.0.0-20190618225709-2cfd321de3ee,go,unknown,Unknown,Unknown,Unknown
go.uber.org/zap,v1.10.0,go,unknown,Unknown,Unknown,Unknown
go.uber.org/zap,v1.13.0,go,unknown,Unknown,Unknown,Unknown
golang.org/x/crypto,v0.0.0-20180904163835-0709b304e793,go,unknown,Unknown,Unknown,Unknown
golang.org/x/crypto,v0.0.0-20181029021203-45a5f77698d3,go,unknown,Unknown,Unknown,Unknown
golang.org/x/crypto,v0.0.0-20190308221718-c2843e01d9a2,go,unknown,BSD-3-Clause,https://spdx.org/licenses/BSD-3-Clause.html,https://cs.opensource.google/go/x/crypto/+/master:LICENSE (normalized)
golang.org/x/crypto,v0.0.0-20190510104115-cbcb75029529,go,unknown,Unknown,Unknown,Unknown
golang.org/x/crypto,v0.0.0-20190701094942-4def268fd1a4,go,unknown,Unknown,Unknown,Unknown
golang.org/x/crypto,v0.0.0-20190820162420-60c769a6c586,go,unknown,Unknown,Unknown,Unknown
golang.org/x/crypto,v0.0.0-20191011191535-87dc89f01550,go,unknown,BSD-3-Clause,https://spdx.org/licenses/BSD-3-Clause.html,https://cs.opensource.google/go/x/crypto/+/master:LICENSE (normalized)
golang.org/x/crypto,v0.0.0-20200221231518-2aa609cf4a9d,go,unknown,Unknown,Unknown,Unknown
golang.org/x/exp,v0.0.0-20190121172915-509febef88a4,go,unknown,Unknown,Unknown,Unknown
golang.org/x/lint,v0.0.0-20181026193005-c67002cb31c3,go,unknown,Unknown,Unknown,Unknown
golang.org/x/lint,v0.0.0-20190227174305-5b3e6a55c961,go,unknown,Unknown,Unknown,Unknown
golang.org/x/lint,v0.0.0-20190301231843-5614ed5bae6f,go,unknown,Unknown,Unknown,Unknown
golang.org/x/lint,v0.0.0-20190313153728-d0100b6bd8b3,go,unknown,Unknown,Unknown,Unknown
golang.org/x/lint,v0.0.0-20190930215403-16217165b5de,go,unknown,Unknown,Unknown,Unknown
golang.org/x/mod,v0.0.0-20190513183733-4bf6d317e70e,go,unknown,Unknown,Unknown,Unknown
golang.org/x/mod,v0.1.1-0.20191105210325-c90efee705ee,go,unknown,Unknown,Unknown,Unknown
golang.org/x/net,v0.0.0-20180724234803-3673e40ba225,go,unknown,Unknown,Unknown,Unknown
golang.org/x/net,v0.0.0-20180826012351-8a410e7b638d,go,unknown,Unknown,Unknown,Unknown
golang.org/x/net,v0.0.0-20180906233101-161cd47e91fd,go,unknown,BSD-3-Clause,https://spdx.org/licenses/BSD-3-Clause.html,https://cs.opensource.google/go/x/net/+/master:LICENSE (normalized)
golang.org/x/net,v0.0.0-20181023162649-9b4f9f5ad519,go,unknown,Unknown,Unknown,Unknown
golang.org/x/net,v0.0.0-20181114220301-adae6a3d119a,go,unknown,Unknown,Unknown,Unknown
golang.org/x/net,v0.0.0-20181201002055-351d144fa1fc,go,unknown,Unknown,Unknown,Unknown
golang.org/x/net,v0.0.0-20181220203305-927f97764cc3,go,unknown,Unknown,Unknown,Unknown
golang.org/x/net,v0.0.0-20190108225652-1e06a53dbb7e,go,unknown,Unknown,Unknown,Unknown
golang.org/x/net,v0.0.0-20190125091013-d26f9f9a57f3,go,unknown,Unknown,Unknown,Unknown
golang.org/x/net,v0.0.0-20190213061140-3a22650c66bd,go,unknown,Unknown,Unknown,Unknown
golang.org/x/net,v0.0.0-20190311183353-d8887717615a,go,unknown,Unknown,Unknown,Unknown
golang.org/x/net,v0.0.0-20190404232315-eb5bcb51f2a3,go,unknown,BSD-3-Clause,https://spdx.org/licenses/BSD-3-Clause.html,https://cs.opensource.google/go/x/net/+/master:LICENSE (normalized)
golang.org/x/net,v0.0.0-20190603091049-60506f45cf65,go,unknown,Unknown,Unknown,Unknown
golang.org/x/net,v0.0.0-20190613194153-d28f0bde5980,go,unknown,Unknown,Unknown,Unknown
golang.org/x/net,v0.0.0-20190620200207-3b0461eec859,go,unknown,BSD-3-Clause,https://spdx.org/licenses/BSD-3-Clause.html,https://cs.opensource.google/go/x/net/+/master:LICENSE (normalized)
golang.org/x/net,v0.0.0-20190813141303-74dc4d7220e7,go,unknown,Unknown,Unknown,Unknown
golang.org/x/oauth2,v0.0.0-20180821212333-d2e6202438be,go,unknown,Unknown,Unknown,Unknown
golang.org/x/oauth2,v0.0.0-20190226205417-e64efc72b421,go,unknown,Unknown,Unknown,Unknown
golang.org/x/sync,v0.0.0-20180314180146-1d60e4601c6f,go,unknown,BSD-3-Clause,https://spdx.org/licenses/BSD-3-Clause.html,https://cs.opensource.google/go/x/sync/+/master:LICENSE (normalized)
golang.org/x/sync,v0.0.0-20181108010431-42b317875d0f,go,unknown,Unknown,Unknown,Unknown
golang.org/x/sync,v0.0.0-20181221193216-37e7f081c4d4,go,unknown,Unknown,Unknown,Unknown
golang.org/x/sync,v0.0.0-20190227155943-e225da77a7e6,go,unknown,Unknown,Unknown,Unknown
golang.org/x/sync,v0.0.0-20190423024810-112230192c58,go,unknown,BSD-3-Clause,https://spdx.org/licenses/BSD-3-Clause.html,https://cs.opensource.google/go/x/sync/+/master:LICENSE (normalized)
golang.org/x/sync,v0.0.0-20190911185100-cd5d95a43a6e,go,unknown,Unknown,Unknown,Unknown
golang.org/x/sys,v0.0.0-20180823144017-11551d06cbcc,go,unknown,Unknown,Unknown,Unknown
golang.org/x/sys,v0.0.0-20180830151530-49385e6e1522,go,unknown,Unknown,Unknown,Unknown
golang.org/x/sys,v0.0.0-20180905080454-ebe1bf3edb33,go,unknown,Unknown,Unknown,Unknown
golang.org/x/sys,v0.0.0-20180909124046-d0be0721c37e,go,unknown,BSD-3-Clause,https://spdx.org/licenses/BSD-3-Clause.html,https://cs.opensource.google/go/x/sys/+/master:LICENSE (normalized)
golang.org/x/sys,v0.0.0-20181026203630-95b1ffbd15a5,go,unknown,Unknown,Unknown,Unknown
golang.org/x/sys,v0.0.0-20181107165924-66b7b1311ac8,go,unknown,Unknown,Unknown,Unknown
golang.org/x/sys,v0.0.0-20181116152217-5ac8a444bdc5,go,unknown,Unknown,Unknown,Unknown
golang.org/x/sys,v0.0.0-20181122145206-62eef0e2fa9b,go,unknown,Unknown,Unknown,Unknown
golang.org/x/sys,v0.0.0-20190215142949-d0b11bdaac8a,go,unknown,BSD-3-Clause,https://spdx.org/licenses/BSD-3-Clause.html,https://cs.opensource.google/go/x/sys/+/master:LICENSE (normalized)
golang.org/x/sys,v0.0.0-20190412213103-97732733099d,go,unknown,BSD-3-Clause,https://spdx.org/licenses/BSD-3-Clause.html,https://cs.opensource.google/go/x/sys/+/master:LICENSE (normalized)
golang.org/x/sys,v0.0.0-20190422165155-953cdadca894,go,unknown,Unknown,Unknown,Unknown
golang.org/x/sys,v0.0.0-20190502145724-3ef323f4f1fd,go,unknown,Unknown,Unknown,Unknown
golang.org/x/sys,v0.0.0-20190726091711-fc99dfbffb4e,go,unknown,Unknown,Unknown,Unknown
golang.org/x/sys,v0.0.0-20190826190057-c7b8b68b1456,go,unknown,Unknown,Unknown,Unknown
golang.org/x/sys,v0.0.0-20191220142924-d4481acd189f,go,unknown,Unknown,Unknown,Unknown
golang.org/x/text,v0.0.0-20170915032832-14c0d48ead0c,go,unknown,Unknown,Unknown,Unknown
golang.org/x/text,v0.3.0,go,unknown,BSD-3-Clause,https://spdx.org/licenses/BSD-3-Clause.html,https://cs.opensource.google/go/x/text/+/master:LICENSE (normalized)
golang.org/x/text,v0.3.2,go,unknown,Unknown,Unknown,Unknown
golang.org/x/text,v0.3.3,go,unknown,BSD-3-Clause,https://spdx.org/licenses/BSD-3-Clause.html,https://cs.opensource.google/go/x/text/+/master:LICENSE (normalized)
golang.org/x/time,v0.0.0-20180412165947-fbb02b2291d2,go,unknown,Unknown,Unknown,Unknown
golang.org/x/time,v0.0.0-20191024005414-555d28b269f0,go,unknown,Unknown,Unknown,Unknown
golang.org/x/tools,v0.0.0-20180221164845-07fd8470d635,go,unknown,Unknown,Unknown,Unknown
golang.org/x/tools,v0.0.0-20180828015842-6cd1fcedba52,go,unknown,Unknown,Unknown,Unknown
golang.org/x/tools,v0.0.0-20180917221912-90fa682c2a6e,go,unknown,BSD-3-Clause,https://spdx.org/licenses/BSD-3-Clause.html,https://cs.opensource.google/go/x/tools/+/master:LICENSE (normalized)
golang.org/x/tools,v0.0.0-20190114222345-bf090417da8b,go,unknown,Unknown,Unknown,Unknown
golang.org/x/tools,v0.0.0-20190226205152-f727befe758c,go,unknown,Unknown,Unknown,Unknown
golang.org/x/tools,v0.0.0-20190311212946-11955173bddd,go,unknown,Unknown,Unknown,Unknown
golang.org/x/tools,v0.0.0-20190312170243-e65039ee4138,go,unknown,Unknown,Unknown,Unknown
golang.org/x/tools,v0.0.0-20190328211700-ab21143f2384,go,unknown,Unknown,Unknown,Unknown
golang.org/x/tools,v0.0.0-20190425150028-36563e24a262,go,unknown,Unknown,Unknown,Unknown
golang.org/x/tools,v0.0.0-20190524140312-2c0ae7006135,go,unknown,Unknown,Unknown,Unknown
golang.org/x/tools,v0.0.0-20190621195816-6e04913cbbac,go,unknown,Unknown,Unknown,Unknown
golang.org/x/tools,v0.0.0-20191029041327-9cc4af7d6b2c,go,unknown,Unknown,Unknown,Unknown
golang.org/x/tools,v0.0.0-20191029190741-b9c20aec41a5,go,unknown,Unknown,Unknown,Unknown
golang.org/x/tools,v0.0.0-20200103221440-774c71fcf114,go,unknown,Unknown,Unknown,Unknown
golang.org/x/xerrors,v0.0.0-20190717185122-a985d3407aa7,go,unknown,BSD-3-Clause,https://spdx.org/licenses/BSD-3-Clause.html,https://cs.opensource.google/go/x/xerrors/+/master:LICENSE (normalized)
golang.org/x/xerrors,v0.0.0-20191011141410-1b5146add898,go,unknown,BSD-3-Clause,https://spdx.org/licenses/BSD-3-Clause.html,https://cs.opensource.google/go/x/xerrors/+/master:LICENSE (normalized)
google.golang.org/api,v0.3.1,go,unknown,Unknown,Unknown,Unknown
google.golang.org/appengine,v1.1.0,go,unknown,Unknown,Unknown,Unknown
google.golang.org/appengine,v1.2.0,go,unknown,Unknown,Unknown,Unknown
google.golang.org/appengine,v1.4.0,go,unknown,Unknown,Unknown,Unknown
google.golang.org/genproto,v0.0.0-20180817151627-c66870c02cf8,go,unknown,Unknown,Unknown,Unknown
google.golang.org/genproto,v0.0.0-20190307195333-5fe7a883aa19,go,unknown,Unknown,Unknown,Unknown
google.golang.org/genproto,v0.0.0-20190425155659-357c62f0e4bb,go,unknown,Unknown,Unknown,Unknown
google.golang.org/genproto,v0.0.0-20190530194941-fb225487d101,go,unknown,Unknown,Unknown,Unknown
google.golang.org/genproto,v0.0.0-20190819201941-24fa4b261c55,go,unknown,Unknown,Unknown,Unknown
google.golang.org/grpc,v1.17.0,go,unknown,Unknown,Unknown,Unknown
google.golang.org/grpc,v1.19.0,go,unknown,Unknown,Unknown,Unknown
google.golang.org/grpc,v1.20.0,go,unknown,Unknown,Unknown,Unknown
google.golang.org/grpc,v1.20.1,go,unknown,Unknown,Unknown,Unknown
google.golang.org/grpc,v1.21.0,go,unknown,Unknown,Unknown,Unknown
google.golang.org/grpc,v1.22.1,go,unknown,Unknown,Unknown,Unknown
google.golang.org/grpc,v1.23.0,go,unknown,Unknown,Unknown,Unknown
google.golang.org/grpc,v1.23.1,go,unknown,Unknown,Unknown,Unknown
google.golang.org/grpc,v1.25.1,go,unknown,Unknown,Unknown,Unknown
google.golang.org/grpc,v1.26.0,go,unknown,Unknown,Unknown,Unknown
google.golang.org/grpc,v1.29.1,go,unknown,Unknown,Unknown,Unknown
gopkg.in/alecthomas/kingpin.v2,v2.2.6,go,unknown,Unknown,Unknown,Unknown
gopkg.in/check.v1,v0.0.0-20161208181325-20d25e280405,go,unknown,BSD-2-Clause,https://spdx.org/licenses/BSD-2-Clause.html,https://github.com/go-check/check/tree/v1?tab=License-1-ov-file#readme (normalized)
gopkg.in/check.v1,v1.0.0-20180628173108-788fd7840127,go,unknown,Unknown,Unknown,Unknown
gopkg.in/cheggaaa/pb.v1,v1.0.25,go,unknown,Unknown,Unknown,Unknown
gopkg.in/errgo.v2,v2.1.0,go,unknown,Unknown,Unknown,Unknown
gopkg.in/fsnotify.v1,v1.4.7,go,unknown,BSD-3-Clause,https://spdx.org/licenses/BSD-3-Clause.html,https://github.com/fsnotify/fsnotify/blob/v1.8.0/LICENSE (normalized)
gopkg.in/gcfg.v1,v1.2.3,go,unknown,Unknown,Unknown,Unknown
gopkg.in/resty.v1,v1.12.0,go,unknown,Unknown,Unknown,Unknown
gopkg.in/tomb.v1,v1.0.0-20141024135613-dd632973f1e7,go,unknown,BSD-3-Clause,https://spdx.org/licenses/BSD-3-Clause.html,https://github.com/go-tomb/tomb/blob/v1/LICENSE (normalized)
gopkg.in/warnings.v0,v0.1.2,go,unknown,Unknown,Unknown,Unknown
gopkg.in/yaml.v2,v2.0.0-20170812160011-eb3733d160e7,go,unknown,Unknown,Unknown,Unknown
gopkg.in/yaml.v2,v2.2.1,go,unknown,Unknown,Unknown,Unknown
gopkg.in/yaml.v2,v2.2.2,go,unknown,MIT and Apache License 2.0 (CHECKED BY HENDRIK),https://github.com/go-yaml/yaml/blob/v3/LICENSE,https://github.com/go-yaml/yaml/blob/v3/LICENSE
gopkg.in/yaml.v2,v2.2.4,go,unknown,MIT and Apache License 2.0 (CHECKED BY HENDRIK),https://github.com/go-yaml/yaml/blob/v3/LICENSE,https://github.com/go-yaml/yaml/blob/v3/LICENSE
gopkg.in/yaml.v2,v2.3.0,go,unknown,MIT and Apache License 2.0 (CHECKED BY HENDRIK),https://github.com/go-yaml/yaml/blob/v3/LICENSE,https://github.com/go-yaml/yaml/blob/v3/LICENSE
honnef.co/go/tools,v0.0.0-20180728063816-88497007e858,go,unknown,Unknown,Unknown,Unknown
honnef.co/go/tools,v0.0.0-20190102054323-c2f93a96b099,go,unknown,Unknown,Unknown,Unknown
honnef.co/go/tools,v0.0.0-20190523083050-ea95bdfd59fc,go,unknown,Unknown,Unknown,Unknown
honnef.co/go/tools,v0.0.1-2019.2.3,go,unknown,Unknown,Unknown,Unknown
rsc.io/quote/v3,v3.1.0,go,unknown,Unknown,Unknown,Unknown
rsc.io/sampler,v1.3.0,go,unknown,Unknown,Unknown,Unknown
sigs.k8s.io/yaml,v1.1.0,go,unknown,Unknown,Unknown,Unknown
sourcegraph.com/sourcegraph/appdash,v0.0.0-20190731080439-ebfcffb1b5c0,go,unknown,Unknown,Unknown,Unknown
